set,model_mape_pct,baseline_mape_pct,mape_improvement_pct,model_directional_acc_pct,baseline_directional_acc_pct
valid,0.1565214042817659,0.1565214042817659,0.0,0.2626970227670753,0.2626970227670753
test,0.1561703930207899,0.1561703930207899,0.0,0.26246719160104987,0.26246719160104987
